Unnamed: 0	claim	evidence	label	chatgpt_claims
411	İlginç ama gerçek: 2018’den beş doğru bilgi	Polonya’da Bira Sevenler Partisi kuruldu.Kanadalı doktorlar maaşlarına yapılan zammı protesto etti.ABD'li 200 bin kadın dekolte giyerek “meme depremi” yaratmaya çalıştı.TV 8’de yayınlanan bir magazin programında görünen pop şarkıcısı Selena Gomez’in boynundaki haç sansürlendi.A Haber 4 bin 600 yıllık cami taşınıyor şeklinde bir alt bant kullandı.	doğru	Interesting but true: Five correct information from 2018.
621	Avrupalı yetkililerin Rusya’ya karşı Türkiye’nin silahlandırılması gerektiğini açıkladığı iddiası	İddiaların kaynağı Eurasia Review adlı sitede yayınlanan bir görüş yazısı.Yazıda Türkiye’nin bölgesel, ekonomik ve askeri olarak, ABD ve NATO ittifakı ile, Rusya’ya karşı koyabilecek tek ülke olduğu belirtiliyor.Ancak yazıdaki düşünceler bir yazarın şahsına ait.	yanlış	The claim that European officials have stated that Turkey needs to be armed against Russia.
721	Ters duraklar ‘anlamsız, mantıksız ve sebepsiz’ değil	Ters duraklar sadece İstanbul’da değil, Londra ve Dublin’de de var. Benzerlerinde görüldüğü gibi bu duraklar, bulunduğu yerin gün ışığı, rüzgar ve yol genişliği hesap edilerek ters olarak konumlandırılabilir. Cephesi yapıya bakan durakların yağmur ve rüzgardan koruma oranı, cephesi yola bakan duraklardan daha yüksektir. Ayrıca, dünyada ki ‘ters durak’ örneklerinin bir çoğu bu amaçla ters olarak konumlandırılır. Bu sebepler ve dünyadaki örnekler durakların ters olarak konumlandırılmasının bir amacı olduğunu gösterir. ‘Anlamsız, mantıksız ve sebepsiz’ iddialarını çürütür.	yanlış	Reverse stops are not 'meaningless, illogical, and baseless'.
914	‘Ne kadar çok bilgi o kadar düşük ego, ne kadar az bilgi o kadar yüksek ego’ sözünün Albert Einstein'a ait olduğu iddiası	Albert Einstein’ın yazdığı ve hakkında basılmış kitaplarda böyle bir söz yer almıyor.Bern’deki Einstein Müzesi iddia konusu olan sözü kaynaklarında bulamadığını söyledi.Hebrew Üniversitesi Albert Einstein Arşivi iddia konusu olan sözün Albert Einstein'a ait olmadığını söyledi.	yanlış	"The claim is that the quote ""The more knowledge, the lower the ego; the less knowledge, the higher the ego"" belongs to Albert Einstein."
917	Bir Facebook kullanıcısı tarafından 2 Eylül 2020 tarihinde paylaşılan gönderide kafein etkisinde olan örümceklerin ördüğü ağlarda en büyük bozulma gerçekleştiği iddia edildi.	İsviçreli farmakolog Peter N. Witt’in yaptığı deneylerde amfetamin, meskalin, striknin, LSD ve kafein maddelerinin örümceklerin ağ örme becerilerini etkilediği ve örümcek ağlarında en çok bozulmayı kafeinin yarattığı görülmüş. 1995’te kafein, benzedrin, marihuana ve kloral hidrat maddeleri ile Avrupa bahçe örümceklerini kullanarak Witt’in deneylerini tekrarlayan NASA’daki araştırmacılar da kafein etkisindeki örümceklerin ördükleri ağların, diğer madde etkisindekilere göre daha deforme olduğunu bulmuşlar.	doğru	In a post shared by a Facebook user on September 2, 2020, it was claimed that the biggest disruption occurs in the webs woven by spiders under the influence of caffeine.
893	Kız Kulesi'nin yıkıldığı iddiası	2021 tarihli restorasyon açıklamasında Kız Kulesi’nin üst kısmının söküleceği açıklanmıştı.Teknik raporlarda Kız Kulesi’nin özellikle balkon katı ve üstündeki bölümlerde hasarın yoğunlaştığı, daha önce yapılan betonarme yapının ekonomik ömrünü tamamladığı ve restorasyon için üst kısmın sökülüp onarılması önerilmiş.İkinci Dünya Savaşı sırasında yapılan restorasyonda da Kız Kulesi’nin külahı yeniden inşa edilmiş.Kültür Varlıkları ve Müzeler Genel Müdürlüğü açıklama yaparak külah bölümün planlı şekilde uzaklaştırıldığını belirtti.22 Ağustos 2022 tarihinde Hürriyet'te yapılan bir haberde restorasyonla ilgili ayrıntılara yer verilmiş ve bazı bölümlerin söküldüğü bilgisi aktarılmış.	yanlış	The claim that Maiden's Tower has collapsed.
811	Deneyin kablosuz internet dalgalarının bitki gelişimini olumsuz etkilediğini kanıtladığı iddiası	İddianın kaynağı lisede yapılan bir deney.Deney, kablosuz internet dalgalarının bitki gelişimine olumsuz etkisi olduğuna dair güvenilir kanıt sunacak kadar kontrollü değil.Yapılan başka bir deneyde, radyasyon dalgaları test edilen türlerin hiçbirinin çimlenmesini etkilemedi.Dünya Sağlık Örgütü, kablosuz ağlardan yayılan radyasyonun seviyesinin canlıları etkilemeyecek kadar az olduğunu söylüyor.	yanlış	The experiment claims to prove that wireless internet waves have a negative impact on plant growth.
542	Bir Twitter hesabı tarafından 6 Nisan 2023 tarihinde yapılan paylaşımda Muharrem İnce’nin eşi Ülkü İnce’ye Range Rover markalı 10 milyon TL değerinde araba aldığı iddia edildi. 	Bir Twitter hesabı tarafından yapılan paylaşımda Muharrem İnce’nin eşi Ülkü İnce’ye Range Rover markalı 10 milyon TL değerinde araba aldığı iddia edilmişti. Söz konusu görsel 11 Haziran 2018 tarihinde Ülkü İnce’nin Başak Demirtaş’ı ziyarete giderken çekilen videodan ekran görüntüsü alınarak paylaşılmış. 2018 tarihinde çekilen görüntülerin tekrar paylaşılmasının ardından İBB ve Bakırköy CHP meclis üyesi Nadir Ataman 3 Nisan 2023 tarihinde konuya ilişkin açıklamada bulundu. Ataman, videoda görünen kişinin kendisi olduğunu ve Range Rover markalı aracın bir akrabasına ait olduğunu açıkladı.	yanlış	In a tweet posted by a Twitter account on April 6, 2023, it was claimed that Muharrem İnce's wife, Ülkü İnce, bought a Range Rover worth 10 million TL.
985	İsveç’te uygulanan her türlü şiddetin “erkek şiddeti” olarak değerlendirileceği iddiası	Kadının erkeğe şiddet uygulaması durumunun, “kadına yönelik erkek şiddeti” şeklindeki değerlendirileceği doğru.Burada dikkat çekilmek istenen kısım şiddetin “ataerkil” bir eylem olmasıdır.	yanlış	"The claim that any form of violence in Sweden will be considered as ""male violence""."
810	Ukrayna Kharkov’da ‘binaya Rusya bayrağı asıldı’ iddiası	İddia edilen fotoğraf, 4 Mart 2014 tarihinde Donetsk’te yeni hükümet karşıtı Rus yanlısı eylemcinin Belediye Meclis Binasına Rusya bayrağını astığı anı gösteriyor.Fotoğrafın güncel Rusya- Ukrayna kriziyle bir bağlantısı yok.Fotoğraf, Reuters tarafından çekildi.	yanlış	Allegations of 'Russian flag hung on a building' in Kharkiv, Ukraine.
298	Japonya’da mahkemenin ‘eşcinsel evliliğin anayasaya aykırı olmadığı’ kararını verdiği iddiası	Reuters’a dayandırılan haber Türkçeye hatalı çevrilmiş. Gerçekte Osaka mahkemesi, eşcinsel evliliğin ‘yasallaştırılmamasının’, anayasaya aykırı olmadığına karar vermiştir.	yanlış	The claim that the court in Japan has ruled that 'same-sex marriage is not unconstitutional'.
521	Türkiye haritasındaki patlama simgeleri 6 Şubat depremini mi işaret ediyor?	Görsel, 1915 Olayları’nı ‘soykırım’ olarak tanıyan Ermeni cemaatleri, kurum ve kuruluşlarınca kullanılan bir haritayı gösteriyor.Haritanın lejantına göre patlama ikonu bulunan yerler, o dönemde Ermeni direnişinin olduğu noktaları gösteriyor.Dolayısıyla harita üstünde patlama ikonu olan yerlerle deprem mesajı verildiği iddiası gerçeği yansıtmıyor.	yanlış	Do the explosion symbols on the map of Turkey indicate the February 6 earthquake?
613	DSÖ’nün Covid-19 ölümlerinin aşılı ülkelerde artarken Afrika’da azaldığını açıkladığı iddiası	Ekim 2021’de yayınlanan raporda en hızlı vaka yayılımının Avrupa’da, en yüksek vaka azalma oranının ise yüzde 18 ile Afrika’da yaşandığı belirtilmiş.Raporun öne çıkan güncellemelerinden birinde Afrika kıtasında yedi vakadan altısının tespit edilemediği belirtilmiş.Raporda aşılı ya da aşısız olmaya dair bir kıyaslama yok.	yanlış	The claim that the WHO announced that Covid-19 deaths are increasing in vaccinated countries while decreasing in Africa.
429	İsrail'in namaz kılan Filistinlilere köpek saldırttığı iddiası	Görüntüler kısa filmler çeken bir kanal tarafından 1 Mart 2020’de YouTube’a yüklenmiş.Video kurgusal bir hikayeyi gösteriyor.	yanlış	The claim that Israel has unleashed dogs on praying Palestinians.
107	Bir Twitter hesabı tarafından 13 Eylül 2022 tarihinde yapılan paylaşımda Katar Yatırım Fonu’nun Avrasya Tüneli’ne ortak olduğu iddia edildi.	Bir Twitter hesabı tarafından 13 Eylül 2022 tarihinde yapılan paylaşımda Katar Yatırım Fonu’nun Avrasya Tüneli’ne ortak olduğu iddia edilmişti. 8 Ağustos 2022 tarihinde Rekabet Kurumu tarafından paylaşılan kararda, SK Ecoplant hisselerinin Katar Yatırım Fonu’na satıldığı açıklandı. Katar Yatırım Fonu’nun Avrasya Tüneli’ne ne oranda ortak olduğu ise henüz bilinmiyor.	doğru	In a tweet posted on September 13, 2022, it was claimed that the Qatar Investment Fund has become a partner in the Eurasia Tunnel.
260	Maske kulanımının akciğerlerde iltihaplanma ve kansere yol açtığı iddiası	Maske kullanımı akciğerde iltihaba ya da kansere yol açmıyor.Referans verilen araştırma maske kullanımını değil, akciğer kanseri hastalarının bazı mikroplara maruz kalması durumunda ortaya çıkabilecek ileri hastalıkları konu ediyor.Araştırma maske kullanan kişiler değil, akciğer kanseri hastaları üzerinde yürütülmüş.Tıbbi literatürde de maskeye bağlı akciğer iltihaplanması ya da kanserini destekleyen bilimsel bir yayın bulunmuyor.Maskeler doğru şekilde kullanıldığında enfeksiyon bulaşını önlüyor.	yanlış	The claim that mask usage leads to inflammation in the lungs and cancer.
604	Termik santrale filtre takmamanın cezası 447 TL değil	447 liralık ceza ise, TEİAŞ’ın, Çatalağzı Termik Santraline (ÇATES) 2016 yılının tamamı için kestiği ceza ve konunun baca filtreleriyle ilgisi yok.Kanun kabul edilseydi, 20 kat artırılarak uygulanacak ceza, Çevre Kanununun 20. maddesine göre, 24 bin liranın 20 katı olan 480 bin liraya kadar çıkabilecekti.	yanlış	The penalty for not installing a filter on a thermal power plant is not 447 TL.
299	Meclis tutanaklarında sadece Kürtçe ifadeler için ‘bilinmeyen dil’ ibaresinin yer aldığı iddiası	CHP lideri ve Altılı Masa’nın Cumhurbaşkanı adayı Kemal Kılıçdaroğlu, 20 Mart günü HDP liderleri ile görüştü. Görüşmenin ardından basın toplantısında şu açıklamalarda bulundu:“TBMM’de kürsüde konuşulur. İngilizce yazar parantez içinde bu söz İngilizce’dir, cümle İngilzce’dir. Fransızca söz Fransızca’dır vesaire. Konuşma metninin içinde Kürtçe bir dil geçtiği zaman ‘bilinmeyen bir dil’ deniyor.”Aralık 2008’den itibaren Meclis’te Türkçe haricinde konuşulan tüm diller için ‘bilinmeyen dil’ ifadesi yerine ‘Türkçe olmayan kelime’ ifadesi kullanılıyor.Meclis tutanaklarında Türkçe haricinde konuşulan yerler için “Bu bölümde hatip tarafından Türkçe olmayan kelimeler ifade edildi.” ibaresi yer alıyor.Bu durum yalnızca Kürtçe için değil Türkçe haricindeki diğer dillerin hepsi için de geçerli.	yanlış	The claim is that in the parliamentary minutes, there is only the phrase 'unknown language' for Kurdish expressions.
650	Tek başına et yememenin iklim krizini durduracağı iddiası	Oda TV’nin çevirdiği Metro haberinde çeviri kaynaklı hatalar, haberin yanlış yorumlanmasına yol açıyor.Araştırmada hayvancılığa son vermenin potansiyel iklim etkisi ne kadar büyük olursa olsun, beklenen tüm faydalar gerçekleşse bile küresel felaketi önlemek için tek başına yeterli olmayacağını vurgulanıyor.İklim krizi komplike bir sorun olduğundan, tek başına et tüketimini ortadan kaldırmak sorunların çözülmesi için yeterli değil.	yanlış	The claim that not eating meat alone will stop the climate crisis.
902	Bir Twitter hesabı tarafından 13 Ekim 2021 tarihinde yapılan paylaşımda volkanik patlamaların insan aktivitesinden daha çok karbondioksit yaydığı iddia edildi.	Bir Twitter hesabı tarafından yapılan paylaşımda volkanik patlamaların insan aktivitesinden daha çok karbondioksit yaydığı iddia edilmişti. Ancak çeşitli bilim insanları ve bilimsel çalışmalar bu iddiayı asılsız kılar nitelikte. Volkanik faaliyet ve patlamalar, karbondioksit ya da herhangi zararlı bir gaz salınımı açısından insan faaliyetlerine oranla düşük bir yüzde oluşturuyor. Bunun yanında, insan faaliyetlerinden kaynaklı CO2 emisyonları son yıllarda önemli ölçüde artarken, volkanik emisyonların yıllar içinde artmadığını da vurgulamak gerekiyor.	yanlış	In a tweet posted on October 13, 2021, it was claimed that volcanic eruptions emit more carbon dioxide than human activities.
328	A Haber'in “Benzinde tarihi düşüş” alt bandı kullandığı iddiası	Görsel montaj. Gerçek alt bant “S-400 Alımı F-35 Alımını Etkilemez” şeklinde.Ajans 14 isimli programın 27 Mart 2018 tarihli yayınına bakıldığında söz konusu alt bandın “S-400 Alımı F-35 Alımını Etkilemez” şeklinde olduğu görülebiliyor.	yanlış	"The claim that A Haber used the subtitle ""Historical decrease in gasoline prices."""
168	Bir Instagram sayfası tarafından 10 Mayıs 2021 tarihinde yapılan paylaşımda Twitter’da paylaşılan bir gönderinin Aziz Sancar’a ait olduğu iddia edildi.	10 Mayıs 2021 tarihinde bir Instagram sayfası Aziz Sancar’a ait olduğu iddia edilen bir tweet paylaşmıştı. Görseldeki hesap incelendiğinde hesabın parodi hesap olduğu ve Aziz Sancar’ın resmi hesabında böyle bir paylaşım yapılmadığı görülüyor.	yanlış	In a post shared on May 10, 2021, by an Instagram page, it was claimed that a tweet shared on Twitter belonged to Aziz Sancar.
462	Everest’e tırmanan dağcının vegan olduğu için hayatını kaybettiği iddiası	Vegan dağcı Maria Strydom’un ölüm nedeninin diyetiyle ilgisi yok. Strydom zirveye yaklaşmaya yakın akut dağ hastalığı nedeniyle hayatını kaybetti.Bu sorunun et tüketimiyle bilinen bir bağı bulunmuyor.2016 yılında vegan sporcu Kuntel Joisher zirveye ulaşmayı başarmıştı.	yanlış	The claim that the climber who climbed Everest died because he was vegan.
309	Japonya’da havayolu firması çalışanlarının rötar sebebiyle selamlayarak özür dilediği iddiası	Fotoğraf, Japonya’da değil Vietnam’da çekildi.Personel, özür dilemiyor, müşterileri selamlıyor.	yanlış	Allegedly, in Japan, airline company employees apologize by bowing to passengers due to flight delays.
235	"Bir Instagram sayfası tarafından 20 Mayıs 2021 tarihinde yapılan paylaşımda Fransa Başkanı François Mitterrand’a danışmanlık hizmeti vermiş bir iktisatçı olan Jacques Attali'nin ""Verbatim"" adlı kitabında salgın kaynaklı toplu katliamları desteklediği iddia edildi."	"Bir Facebook sayfası tarafından yapılan paylaşımda Jacques Attali'nin ""Verbatim"" adlı kitabında salgın kaynaklı toplu katliamları desteklediği iddia edilmişti. İddiada sözü geçen Verbatim kitabında salgın ile ilgili bir bilgi bulunmuyor. İddia edilen alıntı ise kitabın herhangi bir bölümünde yer almıyor."	yanlış	"In a post shared on May 20, 2021, by an Instagram page, it was claimed that Jacques Attali, an economist who served as an advisor to French President François Mitterrand, supported mass killings caused by pandemics in his book ""Verbatim""."
527	Prens William'ın ‘Asya ve Afrika'nın aksine Avrupa’da savaş görmek tuhaf’ dediği iddiası	Prens William’ın böyle bir sözü yok.Daily Express gazetesinin kraliyet sorumlusu Richard Palmer, yanlış haber için Twitter üzerinden özür dileyip düzeltme yapmış.Birçok haber sitesi de Palmer’ın paylaşımı sonrası haberlerini güncellemiş.	yanlış	"The claim that Prince William said, ""Seeing war in Europe is strange, unlike Asia and Africa."""
845	Bir Twitter hesabı tarafından 30 Ağustos 2022 tarihinde yapılan bir paylaşımda Starbucks’ın ekim ayından itibaren nakit parayı kabul etmeyeceği iddia edildi. 	Bir Twitter hesabında yapılan bir paylaşımda Starbucks’ın 1 Ekim’den itibaren nakit para kabul etmeyeceği iddia edilmişti. Yapılan araştırmada iddianın kaynağı Birleşik Krallık’taki bir Starbucks şubesinin astığı bir duyuru olduğu gözüküyor. Duyuruda 1 Ekim 2022 tarihinden itibaren nakit ödeme kabul edilmeyeceği yazıyor. Ancak Starbucks’ın Birleşik Krallık Twitter hesabı ise bir duyuru yaparak farklı lisans ortaklarıyla beraber çalışmaları sonucu bazı mağazalarda farklı uygulamalar olabileceğinden fakat çoğu mağazada nakit ödeme seçeneğinin olduğundan bahsetmiş. Yani bu uygulama sadece fotoğrafın çekildiği mağaza için geçerli, genel bir uygulama değil. Ayrıca Starbucks Türkiye’nin de nakit ödeme seçeneğinin kalkacağına dair bir duyurusu bulunmuyor.	yanlış	In a tweet posted by a Twitter account on August 30, 2022, it was claimed that Starbucks will no longer accept cash starting from October.
244	Buz pateni dansçısı Ivan Bukin’in görme engelli olduğu iddiası	Görüntüler 2017 Dünya Artistik Patinaj Şampiyonası’nda kaydedilmiş.2017 Dünya Artistik Patinaj Şampiyonası’na ait görüntülerde Ivan Bukin’in görme engelli olmadığını gösteren farklı anlarla karşılaşılıyor.Ivan Bukin’in Uluslararası Paten Birliği’ndeki profili incelendiğinde görme engelli olduğuna dair bir bilgiye rastlanmıyor.Uluslararası Paten Birliği Ivan Bukin’in görme engelli olduğunu yalanladı.	yanlış	The claim that figure skater Ivan Bukin is visually impaired.
66	Köfteci Yusuf restoran zincirlerini Bilal Erdoğan'ın satın aldığı iddiası	Köfteci Yusuf isimli restoran zincirlerinin ortakları Yusuf Akkaş ve Ramazan Akkaş.Şirket kurulduğu günden beri ortaklık yapısı değişmedi.	yanlış	The claim is that Bilal Erdogan bought Köfteci Yusuf restaurant chains.
59	Kemal Kılıçdaroğlu’nun Düzce Depremi Etki Analiz Raporu’na yönelik iddiaları	CHP Genel Başkanı Kemal Kılıçdaroğlu'nun bahsettiği AFAD Düzce Depremi Etki Analiz Raporu incelendiğinde koordinasyon, yardımlar ve hasar tespiti gibi birçok başlıktaki sorunlara yer verildiği görülüyor.Raporun sonuç bölümünde sağlam yapılmış konutların önemine ve üniversitelerde afetle ilgili çalışmaların daha çok desteklenmesi gerekliliğine vurgu yapılmış.	doğru	Can you translate the allegations against Kemal Kılıçdaroğlu's Düzce Earthquake Impact Analysis Report?
314	Kıvrımlı pipeti yanlış mı kullanıyoruz?	Kıvrımlı pipetlere ait ilk patent kaydı olan Joseph B. Friedman, kıvrımlı pipetin patentini 28 Eylül 1937’de tescil ettirdi.Tasarım eskizleri incelendiğinde pipetlerin kıvrık bölümünün yukarı gelecek şekilde tasarlandığı ve kullanımının  günümüzdeki gibi olduğu görülüyor.Friedman’ın kıvrımlı pipet tasarımı, yatan hastalara büyük bir kolaylık sağladığı için hastaneler tarafından yoğun ilgi görmüş.	yanlış	Are we using the serpentine pipette incorrectly?
601	Twitter’ın Türkiye sorumlusunun kadınların eşlerinin rızası dışında Twitter’a giremeyeceğini açıkladığı iddiası	Twitter’ın Ortadoğu sorumlusu Gordon MacMillan böyle bir açıklaması yokGörseldeki kişi Twitter’ın sorumlusu değil, Salahuddin Barakat isminde bir Müslüman aktivist.Abdülkadir el-Cezairî ise 1883 yılında hayatını kaybetmiş Cezayirli bir asker.	yanlış	The claim that the Turkey representative of Twitter stated that women cannot access Twitter without the consent of their husbands.
787	"Papa Francis’in ""Seks Tanrı'nın insanoğluna verdiği güzel şeylerden biri"" dediği iddiası"	Papa Francis, gençlerin sorularını yanıtladığı bir belgesel programında seksin Tanrı'nın insanoğluna verdiği en güzel şeylerden biri olduğunu söylüyor.Aynı programda Papa Francis’e LGBTİ+ hakları, kürtaj, porno endüstrisi, göç, ırkçılık ve kiliselerdeki cinsel istismar olayları hakkında ne düşündüğü de soruluyor.Papa Francis geçmişte de bu konudaki düşüncelerini dile getirmişti.	doğru	"The claim that Pope Francis said, ""Sex is one of the beautiful things that God has given to mankind."""
941	Akkuyu nükleerin elektriği 3 kat pahalıya gelecek iddiası	2010’da yayınlanan Resmi Gazete’ye göre nükleer santral işlemeye başladıktan 15 sene sonraya kadar santralin iki güç ünitesinden üretilen elektriğin %70’i diğer iki güç ünitesinden üretilen elektriğin %30’u Türkiye Devlet’ine kilovatsaati 12.35(15.33’e kadar arttırılabilir) sentten satılacaktır.Üretilen elektriğin geri kalanı (ilk ikisinin %30’u diğer ikisinin %70’i) piyasada satılacaktır. Nükleer santralin kazandığı net kârın %20’si Türkiye Cumhuriyeti Devleti’ne aktarılacaktır. Elektriğin Türkiye’deki şu andaki piyasa takas fiyatı yaklaşık 4 senttir. Yani, Ahmet Akın iddia ettiği gibi satın alınacak elektriğin fiyatı güncel takas fiyatının 3 katıdır. İddia bu sebeple doğrudur.Diğer yandan Resmi Gazete 2010 yılında yayınlanmıştır ve 2011 yılında dolar kurunun da düşük olması sebebiyle elektriğin piyasa takas fiyatının 8 ile 11 sent arasında olduğu görülmektedir. Yani o yıllara bakıldığında güncel ile gazetedeki fiyat farkı azdır. Ayrıca, daha düşük fiyatlara olsa da, yeşil enerjilerden (Bazı kesimler nükleer enerji de yeşil enerji sınıfına almaktadır.) üretilen elektrikler içinde yüksek fiyat garantisi verilmektedir.	doğru	Claim that Akkuyu nuclear power will be three times more expensive.
974	The Simpsons’ın Silikon Vadisi Bankası’nın çöküşünü bildiği iddiası	The Simpsons’tan alınan sahne orijinal değil, Silikon Vadisi Bankası yazısı tabelaya sonradan montajlanmış.Orijinal sahne karakterlerden birinin banka çalışanlarını zora sokmak için müşterilere paranın bittiğini söylemesiyle başlıyor.	yanlış	The claim that The Simpsons knew about the collapse of Silicon Valley Bank.
25	Virüs taşıyan On est tous Paris başlıklı e-posta iddiası	İddia Fransa kaynaklı ve 2015'e dayanıyor.Savunma Bakanlığı'nın böyle bir açıklaması ya da uyarısı yok.Franceinto sitesinde yer alan haberde de bu yönde mail alan kimsenin olmadığı, haberin “söylenti” olabileceği belirtiliyor.	yanlış	"The claim of an email titled ""We are all Paris carrying the virus"""
660	14 Mayıs seçimlerinde fazladan 6 milyon 770 bin 786 oy kullanıldığı iddiası	YSK, 14 Mayıs’ta oy kullanabilecek seçmen sayısının yurtiçi ve yurtdışında toplam 64 milyon 191 bin 285 olduğunu açıklamıştı.Anadolu Ajansı verilerine göre 14 Mayıs’ta yurtiçi ve yurtdışında toplam 55 milyon 833 bin 175 kişi oy kullandı.Açıklanan seçmen sayısı ile sandığa gidip oy kullanan kişi sayısı aynı olmak zorunda değil. Her seçmen sandığa gitmiyor.Nitekim seçime katılım oranı yüzde 88.84 olarak açıklandı.Mevcut verilere göre fazladan 6 milyon 770 bin 786 oy kullanıldığına ilişkin bir kanıt yok.	yanlış	The claim is that an additional 6,770,786 votes were cast in the elections on May 14th.
644	KETAR isimli bir araştırma şirketinin olduğu iddiası	KETAR diye bir araştırma şirketi bulunmuyor.Böyle bir araştırma veya seçim anketi mevcut değil.Prof Dr Ketum Revnak isimli hesap sahte.	yanlış	The claim is that there is a research company called KETAR.
578	Bir Twitter hesabı tarafından 6 Ocak 2022 tarihinde yapılan paylaşımda Fahrettin Koca’nın Turkovac aşısı olmadığı iddia edildi. Gönderi 1300’den fazla retweet 2800’den fazla beğeni almış.	Bir Twitter hesabı tarafından yapılan paylaşımda Sağlık Bakanı Fahrettin Koca’nın hatırlatıcı dozu Turkovac olmadığı iddia edilmişti. İddiada yer alan videonun tamamı izlendiğinde hemşirenin flakondan enjektöre ilacı çektikten sonra flakonu çekmeceli dolabın üstüne bırakıyor. Başka bir sağlık çalışanı ise flakonu hemen yanında duran soğuk saklama dolabına kaldırıyor. Aşı uygulamalarında prosedür flakondan ilacı enjektöre çekerken daha uzun bir iğne kullanılıyor ve bu işlem tamamlandıktan sonra uzun iğne ucu kısa iğne ucuyla değiştiriliyor. Videonun bir parçası manipüle edilerek paylaşılmış. Hemşirenin flakondan çektiği ilacın Sağlık Bakanı Fahrettin Koca’ya doğrudan uygulandığı net bir şekilde görülüyor.	yanlış	In a tweet posted on January 6, 2022, it was claimed that Fahrettin Koca did not receive the Turkovac vaccine. The post received over 1300 retweets and over 2800 likes.
995	Toyota isminin oyuncak araba anlamına gelen ‘toy auto’dan geldiği iddiası	Toyota ismi şirketin kurucusu Sakichi Toyoda’dan geliyor.Geçmişte Amerikalıların böyle bir ifade kullandığını gösteren bir belge yok.	yanlış	The claim is that the name Toyota comes from 'toy auto', which means toy car.
494	Sağlık çalışanları grevde olduğundan acilde hasta bakılmadığı iddiası	Video acilde değil poliklinikte çekilmiş.Acil servisler iş bırakma protestoları dahil kesintisiz çalışıyor.	yanlış	The claim is that patients are not being treated in the emergency room because healthcare workers are on strike.
802	Bir Instagram sayfası tarafından 13 Nisan 2021 tarihinde yapılan paylaşımda dünyanın en zeki ülkeleri sıralamasında Türkiye’nin 14. sırada olduğu iddia edildi. Gönderi, 60 bine yakın beğeni toplamış.	Bir Instagram sayfası tarafından yapılan paylaşımda dünyanın en zeki ülkeleri sıralamasında Türkiye’nin 14. sırada olduğu iddia edilmişti. “Dünyanın en akıllı ülkeleri” sıralamaları çoğunlukla tartışmalı kriterlere sahip. Sıralamalar genelde, Nobel ödülü sayısı, IQ ortalaması ve okuldaki başarı oranları kriterlerine göre hazırlanıyor. Bu şekilde hazırlanmış güncel listelerin hiçbirinde Türkiye ilk 14’te yer almıyor.	yanlış	In a post made by an Instagram page on April 13, 2021, it was claimed that Turkey ranked 14th in the list of the world's smartest countries. The post has received nearly 60,000 likes.
137	Mahir Bakan’ın partiden istifa ettiğini duyurduğu hesap gerçek mi?	Twitter hesabı Mahir Bakan’a ait değil.Mahir Bakan Twitter hesabından yaptığı paylaşımla, Twitter hesabının sahte olduğu bilgisini paylaştı.Bakan’ın resmi Twitter adresi ise, @mahirbakan.	yanlış	Is it true that Mahir Bakan announced his resignation from the party on the mentioned account?
837	Aydan dönen Apollo 11 astronotlarının Anıtkabir’i ziyaret ettikleri iddiası	Sosyal medyada yayılan fotoğraflar 30 Ekim 1969 tarihli Hayat Dergisi’nin 45. sayısında yer alıyor.Astronotlar görev dönüşü birçok ülkenin başkent ve şehirlerini ziyaret ettikleri bir dünya turuna başladı. Ankara ziyareti de bu tur kapsamındaydı.	doğru	The claim that the Apollo 11 astronauts who returned from the Moon visited Anıtkabir.
679	Fatih Erbakan’ın mRNA aşılarının DNA’yı değiştirdiği iddiası	Araştırmalarda gözlemlendi ki; mRNA aşıları çekirdeğin dışında yani sitoplazma adı verilen boşlukta görevini yapıyor ve çekirdeğe etki etmiyor. Dolayısıyla mRNA hücre çekirdeğinin içinde depolanan DNA ile temas etmemiş oluyor. Griffith Üniversitesi  Menzies Health Institute Queensland’de Enfeksiyon Hastalıkları ve İmmünoloji Program Direktörü Profesör Nigel McMillan’a göre: mRNA aşıları, DNA moleküllerine ancak revers transkriptaz adlı virüs enziminin yardımı ile yerleşebilir. Bu enzimin insanlarda olmaması sebebiyle mevcut aşılar güvenlidir. Avustralya Ulusal Üniversitesi RNA Biyoloji Grubu, Sağlık ve Tıp Fakültesi Dekanı Profesör Thomas Preiss göre: Şu anda COVID aşılarından mRNA’nın insan DNA’sına entegrasyonunun gerçekleştiğine dair hiçbir kanıt yok. Bu tür olaylar nadiren meydana gelse bile, birey üzerinde zararlı bir etki yaratma şansı son derece düşük.	yanlış	The claim that Fatih Erbakan's mRNA vaccines alter DNA.
370	Pfizer & BioNTech’in geliştirdiği Covid-19 aşısının gönüllülerde yüz felcine neden olduğu iddiası	ABD Gıda ve İlaç Dairesi (FDA) tarafından yayınlanan raporda, Pfizer & BioNTech tarafından geliştirilen Covid-19 aşısını olan gönüllülerden dördünde yüz felci görüldüğü belirtiliyor.Ancak yüz felcine aşının neden olduğuna dair kanıt yok.Raporda Covid-19 aşısı ile yüz felci arasında nedensel bir ilişki kurulmadığı söyleniyor.Yüz felci genel nüfusta da bu oranda görülüyor.Haberler ve paylaşımlarda kullanılan fotoğraf aşı gönüllülerini göstermiyor. Fotoğraf uzun zamandır yüz felcini anlatan kaynaklarda yer alıyor.	yanlış	The claim that the Pfizer & BioNTech Covid-19 vaccine caused facial paralysis in volunteers.
513	RTÜK’ün Türkiye’nin risk primi (CDS) konulu haberleri yasakladığı iddiası	İddia bir Twitter kullanıcısının, RTÜK’ün CDS primi konuları haberlere yasak getirdiğini iddia etmesiyle yayıldı.Hesabın tweet’lerinin devamında paylaşımın ironi ve hiciv amaçlı yapıldığı anlaşılıyor.RTÜK’ün internet adreslerinde yer alan  açıklamalarda yayın yasağı getirdiğine dair bir kanıt yer almıyor.	yanlış	The claim that RTÜK has banned news about Turkey's risk premium (CDS).
528	TRT'nin kadın milli voleybol maçı sonrası İzmir Marşı’nı kestiği iddiası	TRT İzmir Marşı’nı sansürlememiş.Görüntülerde marş duyulabiliyor.Saha içinden kaydedilen görüntüler resmi yayıncı kuruluşa ait değil.	yanlış	The allegation that TRT cut off the İzmir March after the women's national volleyball match.
451	İranlı çiftin sosyal medya paylaşımları nedeniyle hapis cezasına çarptırıldığı iddiası	Ahmet Min Şirazi, verilen cezayı altı hafta önce sosyal medya hesabından doğruladı.Konu hakkında yerel ve uluslararası basın kuruluşlarında haberler yayınlandı.	doğru	The claim that an Iranian couple has been sentenced to prison due to their social media posts.
67	Hammurabi yasalarının yaptığı ev yıkılan ustanın infazını buyurduğu iddiası	Hammurabi Kanunları'nın 229. maddesi, yıkılan bir evi yapan ustanın öldürülmesini buyuruyor.Eser Louvre Müzesi'nde sergileniyor.	doğru	The claim that Hammurabi's Code ordered the execution of a master whose house was destroyed.
254	Kanada’da polis memurunun ‘sözde Müslüman kadının’ başörtüsünü çıkarıp şiddet uyguladığı iddiası	Yaşanan olayda, polis tarafından şiddet gören Dalia Kafi isimli kişinin başında başörtüsü değil, bere bulunuyor.Olay, 2017 yılında Kanada’nın Calgary şehrinde yaşanmış.Dalia Kafi’nin Müslüman olduğuna dair herhangi bir sonuca ulaşılamıyor.	yanlış	The allegation that a police officer in Canada forcibly removed the headscarf of a 'so-called Muslim woman' and applied violence.
670	Bir Twitter hesabı tarafından 25 Haziran 2022 tarihinde yapılan paylaşımda Türkiye’deki il sayısının 100’e çıkarılacağı iddia edildi.	Bir Twitter hesabı tarafından yapılan paylaşımda Türkiye’deki il sayısının 100’e çıkarılacağı iddia edilmişti. AK Parti Genel Başkan Yardımcısı ve İstanbul Milletvekili Vedat Demiröz, 25 Haziran 2022 tarihinde Bitlis’in Ahlat ilçesinde düzenlenen bir programda “Sayın Devlet Bahçeli’nin önerisi ve Cumhurbaşkanımızın beraber verdiği kararla Türkiye’nin şehir sayısının il sayısının 100’e çıkacağı bir zamanda inşallah Ahlat’ımızı da bu şehirler arasına alacağız.” ifadesini kullandı. Bu ifade sosyal medyada oldukça yankı buldu ve kullanıcılar il sayısının 100’e çıkarılacağını düşünerek çeşitli tahminlerde bulundu. Fakat ilgili video detaylı incelendiğinde Demiröz’ün il sayısının 100’e çıkması için görüşmeler yapıldığı takdirde Ahlat’ın bu yeni iller arasında olacağına değindiği görülebilir.	yanlış	In a tweet posted on June 25, 2022, it was claimed that the number of provinces in Turkey will be increased to 100.
327	Soylu'nun Suriyeli mülteciler hakkında 'Hem güvenliğimiz hem de refahımız tehdit altında' dediği iddiası	Bahsi geçen ifadeler Bakan Soylu’nun 19 Eylül 2019’da Uluslararası Güvenlik Kongresi’nde yaptığı konuşmanın farklı bölümlerinden alınarak oluşturulmuş.Bahsi geçen ifadeler farklı bağlamlarda ifade edilmiş.	yanlış	The claim that Soylu said 'Both our security and prosperity are under threat' regarding Syrian refugees.
859	Sylvia Brown’ın kitabını Covid-19 salgınıyla ilişkilendiren iddialar	Medyum Slyvia Brown’un 2008’de yayınlanan “End of Days” (Günlerin Sonu) isimli kehanetler kitabında, bu ifadeler yer alıyor.Brown 2020’de birden kesilecek bir salgından söz ediyor, ancak akciğer sorunlarına neden olan koronavirüs salgınları önceden de vardı. Hatta kitap yazılmadan önce başlayan SARS bunlardan biriydi.Virüsün yayılma seyrini ölçen modellemelere göre aşı bulunduğunda salgından birden kurtulamayacağız.Brown’un kehanetler kitabındaki diğer iddiaların bir kısmı kitabın yazıldığı dönemde halihazırda devam eden bilimsel ve teknolojik gelişmelere dayanıyor.	yanlış	Claims associating Sylvia Brown's book with the Covid-19 pandemic.
973	Medipol Hastanesi'nin Nisan 2023'te en yüksek teşvik alan şirketlerden biri olduğu iddiası	Nisan 2023’te en yüksek teşviki alan kurumlardan biri Medipol Hastanesi.Medipol Hastanesi’nin aldığı toplam yatırım teşviki miktarı 4 milyar 834 milyon 799 bin TL. Haricinde 60 milyon 473 bin dolar makine ve teçhizat teşviki sağlandı.Ancak bu dönemde Şişecam en çok yatırım teşviki alan firma oldu. Şişecam 7 milyar 965 milyon lira tutarında yatırım ve 205 milyon 902 bin dolar tutarında ithal makine ve teçhizat teşviki aldı.Yatırım teşviki desteklerinde, nakit para ödemesi yapılmıyor. Yatırımcılara, gümrük vergisi, KDV, varsa KKDF, faiz desteği, gelir vergisi stopajı gibi konularda kolaylık sağlanıyor.Şirketler, aldıkları teşvik kapsamındaki yatırımları yasal süre olan üç yıl içinde tamamlamak ile yükümlü.	doğru	The claim that Medipol Hospital was one of the companies that received the highest incentives in April 2023.
820	Almanya'nın Türkiye'den 50 bin işçi alacağı iddiası	Almanya ve Türkiye arasında işçi alınımına yönelik herhangi bir işbirliği protokolü imzalanmadı.Habere konu olan etkinlik bir şirketin Adana’da bulunan meslek lisesinde Almanya’daki bazı kurumlar ile ortak gerçekleştirdiği programlarını anlattığı bir seminerden.	yanlış	The claim that Germany will hire 50 thousand workers from Turkey.
479	Black Friday ifadesinin köle ticaretinden geldiği iddiası	Şükran Gününden sonraya gelen bu cuma günü oluşan alışveriş yoğunluğu nedeniyle bu isim verilmiş.Görsel Afrikalı köleleri değil, Avustralya’da tutuklanan mahkumları gösteriyor.	yanlış	"The claim that the term ""Black Friday"" originated from the slave trade."
849	Aloe vera bitkisi kan grubu 0 olanları zehirleyebilir mi?	Aloe vera zehirlenmesi, ancak aşırı doz durumunda gözlemlenebiliyor.Aloe veranın 0 kan grubuna sahip kişilerde zehir etkisi yarattığını gösteren bilimsel bir çalışma yok.	yanlış	Can the aloe vera plant poison people with blood type O?
883	Kemal Sunal’ın gerçek doğum gününün 10 Kasım olduğu iddiası	Kemal Sunal’ın böyle bir sözü bulunmuyor.Kimlik kaydında doğum gününün 4 Kasım olduğu görülüyor.Ancak hem ailesi hem kendisi Sunal’ın doğum tarihinin 11 Kasım 1944 olduğunu söylüyor.	yanlış	The claim is that Kemal Sunal's actual birthdate is November 10th.
590	Bir Twitter hesabı tarafından paylaşılan gönderide aşı karşıtı liderlerin esrarengiz şekilde ölmesinin de aralarında bulunduğu bazı iddialar dile getirildi.	Bir Twitter hesabı tarafından paylaşılan gönderide Covid-19 ve aşıyla ilgili çeşitli iddialar dile getirilmişti. Aşı karşıtı liderler öldürülmedi. Sosyal medya platformlarından yoğun olarak dolaşan bu iddiada söz konusu liderlerin doğal yollarla ölmediğine dair en ufak bir kanıt bulunmuyor. Belarus’a pandemi ilan etmesi için 94 milyon dolar teklif edilmedi. Pandemi ilanı salgının başında Dünya Sağlık Örgütü tarafından alınan bir karar. Dünya Bankası ve Avrupa Birliği Belarus’a pandemi ilanı gibi bir şart koşmadan toplamda 150 milyon Euro destek sağladı. Dr. Canan Karatay’ın iddiası da Dünya Sağlık Örgütü’nün açıklamalarıyla çelişiyor.	yanlış	Some claims were made in a tweet shared by a Twitter account, including the mysterious deaths of anti-vaccine leaders.
363	Bir Twitter hesabı tarafından 8 Nisan 2022 tarihinde yapılan paylaşımda İstanbul’un Esenyurt ilçesinde İçişleri Bakanlığına ait bir mobil araçta sığınmacılara Türkiye Cumhuriyeti vatandaşlığı verildiği iddia edildi.	Bir Twitter hesabı tarafından 13 Nisan 2022 tarihinde yapılan paylaşımda İstanbul’un Esenyurt ilçesinde İçişleri Bakanlığına ait bir mobil araçta sığınmacılara Türkiye Cumhuriyeti vatandaşlığı verildiği iddia edilmişti. Nüfus ve Vatandaşlık İşleri Genel Müdürlüğü iddialar üzerine yayımladığı açıklamada mobil araçta vatandaşlık işlemleri ve yabancılara ilişkin herhangi bir işlem yapılmadığını aktarmış. 5901 sayılı kanuna göre de vatandaşlık başvurularının il valiliklerine yapılması gerekiyor.	yanlış	In a tweet posted on April 8, 2022, it was claimed that Turkish citizenship was granted to refugees in a mobile vehicle belonging to the Ministry of Interior in the Esenyurt district of Istanbul.
529	Güney Kore'de kısa giyen kadınların tutuklanma ihtimalinin olduğu iddiası	Güney Kore’de kadınların nasıl giyineceğine yönelik bir kısıtlama ya da bunu kontrol eden bir kolluk gücü bulunmuyor.Güney Kore’de olmasa da İran, Kuzey Kore ve Suudi Arabistan gibi bazı ülkelerde kadınların giyimlerini denetlemekle görevli kamu görevlileri bulunuyor.	yanlış	The claim is that women wearing shorts in South Korea may be at risk of being arrested.
689	Trump'ı protesto edenler İslam hakkında bilgi almak için mescide gitti iddiası	Fotoğraf 2016 yılının Kasım ayında yapılan Açık Cami Günü (Open Mosque Day) etkinliğinden.İddiadaki fotoğrafta yer alan Schaumburg şehrindeki Masjid Al-Huda’nın, Chicago’nun sınırları dahilinde olmadığı görülebilir.	yanlış	Claim: Those protesting against Trump went to the mosque to learn about Islam.
526	Vietnam esiri askerin mors alfabesiyle işkence kelimesini kodladığı iddiası	Video, 2 Mayıs 1966’da Denton’un savaş esiri olduğu dönemde çekilmiş.Jeremiah Denton, görüntülerde Mors alfabesi ile “torture” yani “işkence” kelimesini kodluyor.	doğru	"The claim that a captive soldier in Vietnam encoded the word ""torture"" using Morse code."
209	Malatya'da bir yıllık binanın depremde yıkıldığı iddiası	Görüntülerdeki bina Malatya’nın Bostanbaşı Mahallesinde bulunan Asur Sitesi’ne ait.Yıkılan binaların yapımı bir sene önce tamamlanmış.	doğru	The claim that a one-year-old building collapsed during an earthquake in Malatya.
23	Ankara Polatlı’da bir vatandaşın kendi inşa ettiği bir mağara evde yaşadığı iddiası	Ankara sınırları içerisinde bu tür yapılar bulunmuyor. Bu tür yaşam alanları, çöl iklimine uygun.Paylaşımdaki görsel, Libya ve Tunus sınırlarında yer alan çukur evlere ait.	yanlış	The claim that a citizen lives in a cave house that he built himself in Polatlı, Ankara.
959	Eski bir Pfizer çalışanının mRNA aşılarında grafen olduğunu doğruladığı iddiası	Karen Kingston, 1996-1998 yılları arasında Pfizer’da çalıştı.Karen Kingston, Pfizer’ın Covid-19 mRNA aşıları üzerine hiçbir çalışmasında yer almadı.Sinopeg, dünyadaki tek lipid üreticisi değil ve Pfizer’a lipid üretmiyor.Kingston’un kanıt olarak sunduğu makale, grafen ve grafen bileşenlerinin Sinopeg ürünlerinde bulunduğunu göstermiyor.mRNA aşıları da dahil olmak üzere bugüne kadar onaylanan hiçbir Covid-19 aşısı bileşenlerinde grafen oksit yer almıyor.	yanlış	The claim that a former Pfizer employee confirmed the presence of graphene in mRNA vaccines.
570	My Secret Terrius adlı Kore dizisinin salgını önceden bildiği iddiası	Dizi bir salgını değil, bir gizli servis ajanının dahil olduğu operasyonu anlatıyor.Terrius ve istihbarat ajanları cinayetleri çözmeye çalışırken, insanlar üzerinde deney yapan bir organizasyonu ortaya çıkarıyorlar. Olay araştırılıyor; koronavirüsten de bu araştırma sırasında bahsediliyor.Dizideki kurgusal koronavirüsün kuluçka süresi ile tedavisinin olmaması, Covid-19’la benzer. Ancak zaten önceki koronavirüs salgınları da henüz bir tedavi bulunmadan durdurulmuştu.	yanlış	"The claim that the Korean drama ""My Secret Terrius"" knew about the pandemic in advance."
332	Uluslararası Uzay İstasyonu'nun camına futbol topu çarptığı iddiası	Fotoğraf Challenger kazasının yıldönümü ve NASA'nın Anma Günü öncesinde yeryüzünde çekildi.Fotoğraf Fatih Altaylı'nın yayında yer vermesinin ardından yanlış anlaşılmış.	yanlış	The claim that a football hit the window of the International Space Station.
221	2 kilisenin devlet eliyle satışa çıkarıldığı iddiası	Satılık kiliseler özel mülk, bulunduğu arsanın sahibi olan Ermeni ve Rum ailelerinin evinin bahçesinde tapulu, sadece sahipleri satmaya yetkili. Mardin Süryani Kilisesi’nin satış ilanda, ”Şahsa ait özel mülktür” yazıyor. Kilisenin, İbrahim Ayçun’dan oğlu Murat Ayçun’a miras kaldığı belirtiliyor. Bursa Ermeni Katolik Kilisesi’nin satış ilanında, kilisenin mübadele sonrası nüfusun ayrılması nedeniyle özel mülkiyete geçtiği bilgisi yer alıyor. Mardin Kırklar Kilisesi Papazı Gabriel Akyüz, Mor Yuhanna Kilisesi’nin tarihi ve dini bir değer taşıdığı için devlet tarafından satın alınıp Mardin turizmine kazandırılması gerektiğini söyledi.	yanlış	The claim that two churches are being put up for sale by the state.
439	Bir Twitter hesabı tarafından 7 Mart 2022 tarihinde yapılan paylaşımda Kanal İstanbul projesinin iptal edildiği iddia edildi.	Bir Twitter hesabı tarafından yapılan paylaşımda Kanal İstanbul projesinin tamamıyla iptal edildiği iddia edilmişti. Danıştay 13. Dairesinin kararı doğrultusunda hukuka aykırı olduğu gerekçesiyle Kanal İstanbul projesine dahil Halkalı-Kapıkule yeni demiryolu inşaatı kapsamında, Halkalı-Ispartakule arası demiryolu inşaatı ile elektromekanik sistemlerin temini ve yapımı ihalesi iptal edildi. Danıştay kararının ardından sosyal medyada konunun eksik ifadeler ile paylaşılması projenin tümüyle iptal edildiğine dair yanlış bir algı oluşmasına sebep oldu. Kanal İstanbul projesinin tamamıyla iptal edildiğine yönelik bir karar bulunmuyor.	yanlış	In a tweet posted on March 7, 2022, it was claimed that the Canal Istanbul project has been cancelled.
753	Bir Twitter hesabı tarafından 21 Nisan 2022 tarihinde yapılan paylaşımda İlber Ortaylı’nın Ayasofya Camii’nde insanlar kapı parçalarını kutsal sayıp ağızlarına atıyorlar dediği iddia edildi.	Bir Twitter hesabı tarafından yapılan paylaşımda İlber Ortaylı’nın Ayasofya Camii’nde insanlar kapı parçalarını kutsal sayıp ağızlarına atıyorlar dediği iddia edilmişti. İddiada yer alan sözler Sanat Tarihi Derneği Yönetim Kurulu Başkanı Şerif Yaşar tarafından ifade edilmiş.	yanlış	It is claimed that in a tweet made on April 21, 2022, by a Twitter account, İlber Ortaylı said that people in the Hagia Sophia Mosque consider door fragments sacred and put them in their mouths.
174	Kızamık aşısının kadınların yüzde 55'inde romatoit artrit gelişmesine neden olduğu iddiası	Aşıların romatoit artrite neden olduğuna ilişkin bilimsel bir bulgu yok.2000 romatoit artrit vakasında yapılan incelemede, herhangi bir aşının hastalıkla ilgisi bulunamadı.Çalışmalar kronik artrit vakalarına aşılardan sonra rastlandığını da söylemiyor.	yanlış	The claim that measles vaccine causes rheumatoid arthritis in 55% of women.
10	1963 tarihli bir gazetede cep telefonunun gösterildiği iddiası	1963 yılında ABD'de bir gazetede gelecekte telefonların ceplere sığabileceği haberi yapılmış.Modern cep telefonlarının özelliklerinin belirtildiği bu taşınabilir kablosuz telefonun, uzak gelecekte üretileceğinden bahsedilmiş.İlk cep telefonu 1973’te Motorola şirketi tarafından icat edilmiş.	doğru	The claim that a mobile phone was shown in a newspaper dated 1963.
595	Ekrem İmamoğlu’nun 2022’nin en başarısız belediye başkanı seçildiği iddiası	"ORC Araştırma Eğitim ve Danışmanlık şirketine ait ankette İBB Başkanı Ekrem İmamoğlu en başarılı tüm büyükşehir belediyeleri arasındaki ilk beş belediye başkanı arasında yer alıyor.Araştırmada ""En başarısız belediye başkanı"" diye bir veri yok."	yanlış	The claim that Ekrem İmamoğlu was elected as the most unsuccessful mayor of 2022.
656	YSK'nın İBB Başkanlığı seçimine dair açıkladığı gerekçeli kararla ilgili iddialar	250 sayfalık gerekçeli kararda geçen ve iddiaya konu olan ifadeler AK Parti’nin YSK’ya belirttiği iptal taleplerini ifade ediyor.Raporun başındaki “şüpheli 300 bin oy” şeklindeki ifade de AK Parti’nin iddiası.Seçimin iptalinde belirleyici olan ifadelerin sıralandığı kararın “Değerlendirme” bölümünde ise iddia edilen ifadelere rastlanmıyor.	yanlış	Allegations regarding the reasoned decision announced by the Supreme Election Council (YSK) regarding the Istanbul Metropolitan Municipality mayoral election.
800	Oyuncu Johnny Depp'in İran'da yapılan aşure töreninde görüldüğü iddiası	Videodaki kişi İranlı Amin Sales.Sales de kendi hesabından Depp’e benzetildiği fotoğrafları paylaşmış.Deep o gün kendi hesabından Dior’la olan işbirliğine dair bir fotoğraf paylaşmış.	yanlış	The claim that actor Johnny Depp was seen at the Ashura ceremony held in Iran.
584	Covid-19’un küresel acil durumunun sona erdiği iddiası	DSÖ Başkanı Dr. Tedros Adhanom Ghebreyesus 5 Mayıs 2023’te yaptığı açıklamayla Covid-19’un küresel acil durumunun sona erdiğini duyurdu.Ancak DSÖ başkanı, Covid-19’un halen bir sağlık tehdidi olduğu konusunda da uyardı. Yani hastalık tamamen hayatımızdan çıkmış değil.	doğru	Claim that the global state of emergency of Covid-19 has ended.
697	Rockefeller altı kalp, üç böbrek ve iki ciğer nakli geçirdi iddiası	Paylaşımların kaynağı bir parodi haber sitesi.Kayıtlarda bu kadar fazla sayıda kalp nakli olan hiçbir hasta bulunmuyor.Al Jazeera Turk DHA kaynaklı haberinde düzeltme geçerek yayınladığı yanlış bilgi ile ilgili özür diledi:	yanlış	Rockefeller allegedly underwent six heart, three kidney, and two lung transplants.
199	Bir Twitter hesabının 7 Mayıs 2023’te yaptığı paylaşımda Millet İttifakı’nın seçim kampanyalarından birinde Murat Karayılan’a yer verdiği iddia edildi.	Bir Twitter hesabı tarafından paylaşılan ve Murat Karayılan’ın yer aldığı videonun, Millet İttifakı’nın seçim kampanyası olduğu iddia edilmişti. Millet İttifakı’nı oluşturan altı parti lideri ve iki cumhurbaşkanı yardımcısı adayının ayrı ayrı kısa filmler içinde yer aldığı “haydi” başlıklı seçim kampanyası, Millet İttifakı tarafından 1 Mayıs itibarıyla gösterime sokulmuştu. Seçim çalışmaları sürmekteyken 7 Mayıs 2023’te AK Parti’nin İstanbul Mitingi’nde de izlettirilen Murat Karayılan’ın Kemal Kılıçdaroğlu ile birlikte yer aldığı kampanya videosu gerçek değil. Karayılan’ın 10 ay önce Youtube’a yüklenen bir videosuna montaj uygulanmasıyla oluşturulmuş, sahte bir video.	yanlış	It is claimed that in a tweet made on May 7, 2023, a Twitter account alleged that Murat Karayılan was included in one of the election campaigns of the People's Alliance.
737	Bir Twitter hesabı tarafından 13 Şubat 2023 tarihinde yapılan paylaşımda Frank Hoogerbeets'in Kahramanmaraş'ta yaşanan depremi önceden tahmin ettiği iddia edildi.	Bir Twitter hesabı tarafından yapılan paylaşımda Frank Hoogerbeets isimli Hollandalı deprem uzmanının (!) Kahramanmaraş'ta yaşanan depremi üç gün önceden tahmin ettiği iddia ediliyor. İddialar depremlerin önceden tahmin edilebilir olduğuna dair yanlış bir inanışın oluşmasına sebep oluyor. Kendini deprem tahmincisi olarak tanıtan bu kişinin birçok tahminine sosyal medya kanallarından ulaşılabiliyor. Bu kadar fazla sayıda tahmin üretmesinin ardından birkaç tahminin çıkması da ona sosyal medyada bir ün getirmişti.  Hoogerbeets’in jeoloji veya jeofizikle ilgisi, “gezegen hizalanmalarının fay hatlarını tetiklediği varsayımı” üzerinden ilerliyor. Temelde bilim dışı bir alan olan astrolojide kullanılan yöntemleri kullanıyor ve bir astrolog gibi gezegen hareketlerini takip ediyor. Bu yüzden, ne zaman deprem olacağına dair tahminlerini de bir yer bilimcinin yapacağı gibi değil, bir astroloğun yapacağı gibi tahmin ediyor. Gezegen hareketleriyle depremler arasında bir ilişkinin olmadığı uzun zamandır yerbilimciler tarafından dile getiriliyordu.	yanlış	In a tweet posted on February 13, 2023, it was claimed that Frank Hoogerbeets predicted the earthquake that occurred in Kahramanmaraş in advance.
261	Bill Gates'in Trakya'da geniş topraklar aldığı iddiası	İddia İzzet Mede’nin 17 Nisan tarihli köşe yazısına dayanıyor. Mede bilgiyi “hükümete yakın bir işadamı”ndan aldığını söylemiş. Elinde somut bir delil yok.Fıratpen’in sahibi Nevzat Demir’in Trakya’daki illerde en çok arazi toplayan isim olduğu söyleniyor. Ancak Demir'in Gates ya da vakfıyla bir bağı yok.Bill ve Melinda Gates Vakfı, Teyit'e iddiaların gerçeği yansıtmadığını söyledi.Trakya'daki herhangi bir ilin iklim değişikliğinden daha az etkileneceğini gösteren bilimsel bir tahmin yok.	yanlış	The claim that Bill Gates has purchased extensive lands in Thrace.
321	Jennifer Lopez’in Atatürk ile ilgili Nazlı Çelik’e söylediği iddia edilen sözler	Röportajda Atatürk’le ilgili bir soru bulunmuyor.Jennifer Lopez’in de böyle bir açıklaması yok.	yanlış	The alleged words that Jennifer Lopez said to Nazlı Çelik about Atatürk.
599	Bir Twitter sayfası tarafından 3 Ocak 2021 tarihinde yapılan paylaşımda mRNa tabanlı COVID-19 aşısının penis boyunu uzattığı iddia edildi. Gönderi 60’tan fazla retweet, 60’tan fazla da beğeni almış.	Yapılan paylaşımda, mRNA tabanlı COVID-19 aşısının penis boyunu uzattığı iddia edilmişti. Makale incelendiğinde, makalenin yayınladığı platformun olmadığı görülüyor. Benzer isimde bir tıp dergisinde ise COVID-19 aşısının penis boyunu uzattığına dair herhangi bir araştırma bulunmuyor. İçerik parodi olarak hazırlanmış.	yanlış	In a tweet shared on January 3, 2021, by a Twitter page, it was claimed that the mRNA-based COVID-19 vaccine extends penis size. The post received over 60 retweets and over 60 likes.
158	Tamer Karadağlı ve Yavuz Bingöl'e atfedilen söz ile ilgili iddialar	Paylaşım Yavuz Bingöl’ün hayran sayfasından yapılmış.Tamer Karadağlı’ya ait olduğu iddia edilen tweet ise resmi olmayan bir hesaptan atılmış.Karadağlı veya Bingöl’ün böyle açıklamaları yok.	yanlış	Claims regarding the quote attributed to Tamer Karadağlı and Yavuz Bingöl.
256	Bir Twitter hesabı tarafından 1 Mayıs 2022 tarihinde yapılan bir paylaşımda, Kore’de bir haber spikerinin Atatürk’e saygısından dolayı bülteni ayakta sunduğu iddia edildi. 	Bir Twitter hesabı tarafından yapılan bir paylaşımda, Kore’de bir haber spikerinin Atatürk’e saygısından dolayı bülteni ayakta ilettiği iddia edilmişti. Fakat hem Youtube’taki hem de JTBC’nin kendi sitesindeki videolarında buna dair bir ifade bulunmuyor. Dahası, sunucunun başka videolarında da ‘sunucu brifingi’ adı verilen köşede ayakta sunum yaptığı görülüyor.	yanlış	In a tweet posted on May 1, 2022, it was claimed that a news anchor in Korea presented the bulletin standing up out of respect for Atatürk.
826	Nusaybin'de çocukları korkutmak için polisin havaya ateş açtığı iddiasını nasıl doğruladık?	Videonun Nusaybin’den olduğu, binaların yapısının izi sürülerek doğrulanabiliyor.Polis hakkında soruşturma başlatıldı.	doğru	How did we verify the claim that the police fired shots into the air to scare children in Nusaybin?
184	İnsan vücudundaki kemiklerin dörtte birinin ayaklarda olduğu iddiası	Yetişkin bir insanın vücudunda ortalama 206 parça kemik var.Yetişkin bir insanın sağ ve sol ayağında 52 kemik bulunuyor.Ayaklarda bulunan kemikler, insan vücudundaki tüm kemiklerin yaklaşık dörtte birini oluşturuyor.	doğru	The claim is that one-fourth of the bones in the human body are in the feet.
714	Real Madrid’in bu yüzyılda oynadığı finallerde sadece Galatasaray’a kaybettiği iddiası	Real Madrid 2018’de UEFA Süper Kupa finalinde Atletico Madrid’le karşılaştığı maçta rakibine yenildi.Real Madrid İspanya Kral Kupası finalinde 2002’de Deportivo’ya, 2004’te Zaragoza’ya, 2013’de Atletico Madrid’e kaybetti.İspanyol ekibi ülke süper kupasında oynadığı final maçlarında 2007’de Sevilla’ya, 2011’de Barcelona’ya, 2014 yılında Atletico Madrid’e yenilerek kupayı rakiplerine kaptırdı.İddia cümlesinde bahsi geçen Galatasaray maçı 21. yüzyılda oynanmadı.	yanlış	The claim that Real Madrid has only lost to Galatasaray in the finals they have played in this century.
292	Bir Twitter kullanıcısı tarafından 11 Eylül 2021 tarihinde yapılan paylaşımda Alman firması BioNTech’in, çocuk sahibi olmak isteyenlere aşıyı önermediği iddia edildi.	11 Eylül 2021 tarihinde bir Twitter kullanıcısı tarafından BioNTech firmasının çocuk sahibi olmak isteyenlerin aşı olmaması gerektiğine yönelik bir açıklama yaptığı iddia edilmişti. İddia incelendiğinde ilk olarak haberin 2020 yılına ait olduğu gözüküyor, yani haber güncel değil. İkinci olarak, haber sitesinin kullandığı başlıktaki eksik bilgiler nedeniyle başlık yanlış anlaşılmaya sebep oluyor. Haberin detaylarına bakıldığında, Alman virologun aşı kısırlaştırır gibi bir söyleminin de bulunmadığı görülebiliyor. Son olarak ise, BioNTech firmasının böyle bir açıklaması bulunmuyor ve hamile kadınlara da aşı yaptırılması tavsiye ediliyor.	yanlış	In a tweet posted by a Twitter user on September 11, 2021, it was claimed that the German company BioNTech does not recommend the vaccine for those who want to have children.
425	Arnold Schwarzenegger oda tutamadığı için kendi heykelinin önünde mi yattı?	İddiada yer alan fotoğraf Schwarzenegger tarafından 15 Ocak 2016 tarihinde paylaşılmış.Ancak paylaşımlarında iddiada dile getirilen hikayeyle bağlantılı herhangi bir anlatıya rastlanmıyor.Gönderide yer alan heykel iddiada bahsedildiği şekliyle bir otelin önünde değil.	yanlış	Did Arnold Schwarzenegger sleep in front of his own statue because he couldn't find a room?
78	Kızılay'ın kolilerindeki malzemelerin mülteci derneğinin kolilerine aktarıldığı iddiası	İddia konusu videoda Kızılay kolilerinin açılmadığı ve içinden bir ürün alınmadığı görülebiliyor.Kızılay bahsi geçen kolilerin ismini açıklamak istemeyen bir bağışçı tarafından mülteci derneklerine gönderilmesi şartıyla yapılan yardım malzemelerini gösterdiğini açıkladı.Suriye Nur Derneği videonun ellerinde bulunan hurma paketlerine kendi etiketlerini yapıştırdıkları anları gösterdiği ve Kızılay logolu kolilere dokunulmadığını açıkladı.	yanlış	The claim that the materials in Kızılay's boxes are transferred to the boxes of the refugee association.
549	Bir Twitter hesabından 19 Aralık 2022 tarihinde yapılan bir paylaşıma göre, ABD Gıda ve İlaç İdaresi (FDA)’nin Covid-19 aşılarının kan pıhtısına yol açtığını açıkladığı iddia edildi. 	Bir Twitter hesabından 19 Aralık 2022 tarihinde yapılan bir paylaşımda, FDA’nın kendi araştırmalarının  COVID-19 aşılarının pıhtılaşmaya sebep olduğunu gösterdiği iddia edilmişti. FDA’nın daha önce konuyla ilgili yayınladığı açıklama ve FDA araştırmacılarının da içinde bulunduğu araştırmacıların kaleme aldığı Aralık 2022’de akademik bir dergide yayınlanmış makale COVID-19 aşıları ile pıhtılaşma arasında nedensellik bağı kurmuyor. Hem FDA’ın hem de söz konusu makale yazarlarının vurguladığı nokta 65 yaş ve üstü kişilerde kontrol edilen değişkenler dışında pıhtılaşmaya neden olabilecek aşı dışında faktörlerin olabileceği. Pıhtılaşma alanındaki uzmanlar da bu araştırmanın bir korelasyon gösterdiğini fakat araştırma dizaynının COVID-19 aşısı ile pıhtılaşma arasından net bir nedensellik göstermeye uygun olmadığını belirtmiş.	yanlış	According to a tweet posted on December 19, 2022, from a Twitter account, it was claimed that the US Food and Drug Administration (FDA) announced that Covid-19 vaccines cause blood clots.
942	Anıtkabir Özel Defteri’ndeki yazının Meral Akşener’in el yazısı olduğu iddiası	El yazısı Meral Akşener’e ait değil.Akşener’in Anıtkabir ziyaretine ait görüntülerde metni okuyup imzaladığı görülüyor. Yazdığı anlar bulunmuyor.Doğrula’nın ulaştığı İYİ Parti yetkilisi, yazının kaligrafi sanatçısı tarafından hazırlandığını doğruladı.Benzer iddialar daha önce de farklı liderler için paylaşılmıştı.	yanlış	The claim is that the writing in the Special Notebook of Anıtkabir belongs to Meral Akşener.
493	15 Aralık 2022 Saraçhane mitingine katılım sayılarıyla ilgili iddialar	Mitingin başında çekilen fotoğraflara göre hesaplama yaptığımızda alanda ortalama 25 bin yurttaşın olduğu söylenebilir.Mitingin sonlarına doğru artan kalabalıkla birlikte alanda ortalama 60 bin kişinin yer alabileceği tespit ediliyor.	yanlış	Claims regarding the attendance numbers at the Saraçhane rally on December 15, 2022.
554	Bilkent Üniversitesi'nin öğrencilere çevrimiçi sınavlar için ayna gönderdiği iddiası	Üniversite, yurtdışında ikamet edenler hariç tüm öğrencilerine ayna gönderiyor.Bilkent Üniversitesi İletişim Ofisi iddianın doğru olduğunu teyit etti.Üniversite idaresi uygulamayı finallerde kopya çekmenin önüne geçebilmek için başlatmış.	doğru	The claim that Bilkent University sent mirrors to students for online exams.
938	Ekrem İmamoğlu'nun Avrasya Tüneli'nin açılışını yapacağı iddiası	Avrasya Tüneli 20 Aralık 2016’da kullanıma açıldı.Ekrem İmamoğlu’nun 150 günde 150 proje çalışmasında Avrasya Tüneline dair herhangi bir bilgi yer almıyor.	yanlış	The claim that Ekrem İmamoğlu will inaugurate the Eurasia Tunnel.
522	Bir su bardağı elma çekirdeğinin kişiyi öldürebileceği iddiası	Elma çekirdeği gerçekten de toksik bir madde içeriyor.Siyanürün açığa çıkması için, elma çekirdeğinin çiğnenmesi ya da toz haline getirilerek tüketilmesi gerek.Bir insanı zehirleyecek kadar siyanürün salımı için, 100’den fazla çekirdeğin aynı anda çiğnenerek ya da toz haline getirilerek tüketilmesi lazım.	doğru	The claim that a glass of apple seeds can kill a person.
677	Bir Twitter hesabı tarafından 11 Eylül 2022 tarihinde yapılan bir paylaşımda, NASA’nın okyanus araştırmalarını durdurduğu iddia edildi. 	Bir Twitter hesabı tarafından yapılan bir paylaşımda, NASA’nın okyanus araştırmalarını durdurduğu iddia edilmişti. NASA’nın internet sitesinde devam eden okyanus araştırmaları programlarını görmek mümkün. Dahası, USA Today’e konuşan bir NASA yetkilisi de misyonların devam ettiğini doğrulamış.	yanlış	In a tweet posted on September 11, 2022, by a Twitter account, it was claimed that NASA has halted its ocean research.
936	Yeşil ve gri pasaport sahiplerinin vizesiz seyahat etme hakkına 2021 itibariyle kısıtlama getirildiği iddiası	Aralık 2019 itibariyle Schengen bölgesine seyahatlerinde herhangi bir ön değerlendirmeye tabi tutulmuyor.Dışişleri Bakanlığı açıklaması ETIAS sistemine Türkiye’nin dahil olmadığını ifade ediyor.	yanlış	The claim is that as of 2021, restrictions have been imposed on the visa-free travel rights of green and gray passport holders.
